feedback,customer_id,timestamp
Know after address.,282,2023-02-22 16:08:03.071464
Continue clearly.,837,2024-01-23 00:44:01.930822
Growth method step.,214,2024-01-23 16:10:24.260741
Build every.,344,2024-10-19 20:34:24.635831
Remember music.,629,2024-06-27 14:09:08.459428
Land great art high.,381,2021-03-15 15:19:02.948027
Guy energy everyone.,477,2024-03-08 20:41:15.621966
Maybe history win I.,737,2023-09-14 00:24:52.095415
See necessary blue.,761,2021-02-04 06:32:26.147805
Economy do rest.,5,2023-12-24 05:47:05.028266
Summer board then.,234,2024-03-27 15:18:59.945688
Economic marriage.,780,2020-01-16 10:39:43.501557
Camera spring see.,12,2023-05-19 22:08:32.900402
Society former star.,170,2021-05-29 21:01:42.339053
Class lead summer.,20,2023-10-08 15:50:31.646948
Base get old.,11,2022-11-22 06:28:22.207684
Commercial identify.,108,2020-09-14 15:53:48.187350
Car wear range.,521,2024-01-05 18:21:57.761524
National lead.,274,2020-11-24 06:29:16.485297
Him story hand.,74,2023-11-07 11:59:38.471080
Participant cut.,727,2023-02-11 21:27:41.106731
Person worker.,457,2021-10-18 10:09:45.903805
Growth cup music.,248,2020-07-21 02:20:03.023042
From mind majority.,581,2024-01-20 21:20:41.293576
Big stop western.,137,2022-07-29 01:12:31.282701
Property claim.,302,2021-12-06 05:26:13.723492
Kitchen fly produce.,105,2020-08-15 12:23:07.868138
Imagine nature.,12,2022-10-23 12:17:28.047251
Artist quickly drug.,677,2020-03-06 18:47:56.318400
Believe cold.,267,2023-06-25 15:20:01.973022
Big mention run.,574,2023-06-11 20:38:55.071900
Talk walk family.,190,2024-07-24 22:06:34.775046
Play with mean data.,446,2022-07-31 23:34:11.119657
Short country.,703,2023-02-21 17:39:41.649069
Production Mr well.,145,2024-05-24 13:33:23.375577
Capital coach very.,27,2022-02-11 08:13:17.709760
Meeting power them.,588,2020-05-05 03:38:28.636023
Fast perhaps mouth.,351,2021-12-16 09:58:48.540081
Reality point black.,235,2021-04-12 17:23:05.145397
Tell Mr physical.,946,2021-10-31 04:42:58.966309
Story main any.,976,2021-03-04 16:59:06.148898
Down figure.,959,2020-02-11 14:41:51.956573
Sport mean cold.,275,2024-04-23 14:21:46.482039
Task approach wall.,845,2021-05-31 12:22:14.001677
Trade common peace.,226,2023-10-05 18:29:22.980586
Minute present from.,685,2022-10-08 07:11:02.793845
Already management.,21,2024-01-08 00:10:37.299316
Start per standard.,778,2024-11-01 11:32:18.501537
Room throughout.,974,2023-02-14 16:00:02.315955
Sit physical.,565,2024-06-17 16:03:25.308118
Now list nature now.,466,2021-08-05 00:26:09.311518
Beautiful market.,910,2020-02-04 17:48:32.207817
Identify popular.,282,2020-03-24 21:58:32.117640
Both whose bed able.,263,2022-10-11 23:42:42.364636
One by or memory.,770,2020-07-16 10:20:51.721086
Letter success.,363,2020-07-30 09:12:24.964346
Mind fast daughter.,882,2020-05-19 02:40:16.753525
Resource effort.,484,2023-07-19 08:17:06.144270
Possible feel stand.,422,2020-04-05 21:00:08.179135
Family either.,733,2021-08-19 17:20:25.987439
Sign under respond.,634,2024-11-05 17:58:37.632752
Fight federal.,303,2023-05-28 18:58:50.078019
Build notice onto.,976,2023-07-12 16:07:47.322914
Almost food shake.,776,2023-04-22 03:23:02.547022
Today dark.,888,2022-01-06 13:41:05.281459
Sister agent thus.,807,2024-08-04 23:25:44.045255
Might everything.,182,2022-10-16 02:54:47.094131
In close society.,122,2022-11-03 10:55:43.406676
Need until chair.,782,2020-02-08 21:20:34.181664
Music most improve.,182,2021-04-16 18:48:18.706793
Teach animal else.,89,2023-02-11 12:38:38.889451
Source million.,524,2020-10-10 07:25:17.320793
Ok low dog kitchen.,20,2022-06-14 07:59:02.286582
So more off economy.,141,2021-08-09 08:37:22.761744
Treatment enough.,820,2022-08-19 01:40:09.408480
Single part claim.,329,2022-08-09 06:18:55.659178
Call feel herself.,493,2022-03-14 13:16:14.080570
Radio maybe.,889,2021-02-20 09:16:54.309110
Generation six.,338,2023-11-26 14:13:17.259366
Hospital early name.,93,2023-08-02 10:48:38.616681
Wrong baby kind.,285,2023-06-11 04:21:53.928823
Could official.,913,2020-05-13 19:34:33.363381
Why career drive.,11,2023-02-05 20:37:32.034290
Lose kid.,75,2022-08-25 00:58:53.194594
Go least back again.,296,2020-02-29 09:45:46.865171
Likely guy myself.,182,2020-12-25 11:00:35.769362
Radio recognize.,820,2024-05-27 09:47:07.016832
Church pass pick.,153,2024-07-22 14:58:59.720392
Power away yes.,698,2022-07-25 23:44:23.201949
Memory price could.,404,2024-08-16 04:32:40.075796
Occur become see.,394,2023-04-20 23:23:29.585479
Money dog yes upon.,29,2023-12-05 17:28:58.889128
Draw former nice.,718,2024-07-16 04:03:28.991104
Throughout laugh.,526,2024-02-19 00:14:58.084525
Then bring usually.,293,2024-01-05 09:11:48.163003
Walk increase.,831,2021-04-10 14:46:23.641361
Court laugh mother.,33,2020-05-19 20:46:55.292482
Those through.,470,2020-11-03 11:57:23.034024
Career such start.,389,2021-01-18 10:09:55.202721
Remain enjoy.,934,2022-09-14 15:45:51.151535
